37,06.10.2024,2,Shayne.Auer50
71,06.21.2023,1,Alejandra_Nienow48
17,06.10.2023,2,Rollin_Bradtke47
80,06.23.2023,1,Rollin_Bradtke47
48,06.03.2024,1,Kory.Durgan5
5,06.13.2024,4,Toy87
48,06.28.2024,1,Laurine48
45,23.06.2023,1,Laurine48
9,06.24.2025,2,Gunner46
59,06.09.2024,1,Rodrick_Hammes
39,06.07.2024,2,Doug.Cummerata93
57,06.30.2024,3,Margarette_Ritchie
31,06.16.2023,4,Laurine48
96,21.06.2024,3,Roel.Schuppe8
43,06.20.2024,2,Norma.Spinka79
39,06.11.2024,4,Marcelino.Baumbach
55,06.29.2024,2,Candido40
43,06.09.2023,2,Desiree63
77,06.05.2024,3,Bertha_West
94,20.06.2023,4,Enrico.Fahey48
10,06.24.2025,4,Adriel95
45,26.06.2024,4,Willis_Ward60
40,20.06.2023,4,Yvette_Reichel1
2,14.06.2024,2,Dawn.Shields13
54,06.10.2024,3,Flo.Casper51
78,06.12.2024,2,Adriel95
81,06.23.2024,1,Grayson_Welch17
90,06.13.2023,1,Desiree63
10,21.06.2024,4,Tobin71
60,06.16.2023,4,Mason_Roob
41,06.18.2023,3,Clementina4
4,06.19.2023,3,Tad19
58,15.06.2024,2,Gretchen.Kuhlman38
9,18.06.2024,1,Roel.Schuppe8
67,18.06.2024,2,Yvette_Reichel1
21,08.06.2024,2,Bradley_Grant0
15,06.05.2024,1,Dashawn48
3,06.17.2024,4,Robyn19
8,06.28.2023,1,Bradley_Grant0
83,09.06.2023,1,Nichole35
50,13.06.2024,3,Kody_Witting34
49,06.27.2023,4,Elfrieda.Abbott4
60,06.01.2024,3,Kim_Ebert
2,06.21.2023,1,Rollin_Bradtke47
51,06.12.2024,2,Tobin71
45,06.10.2024,3,Muhammad_Cormier22
90,06.03.2024,3,Bradley_Grant0
77,29.06.2024,3,Mustafa.Morissette
40,06.05.2023,4,Robyn19
17,04.06.2024,2,Bertha_West
36,06.04.2024,4,Norma.Spinka79
50,06.03.2024,2,London.White32
96,10.06.2024,4,Freda25
73,11.06.2024,4,Jaida.Kuvalis
71,06.05.2023,4,Hal_Flatley68
32,21.06.2023,1,Vesta.McCullough34
31,15.06.2024,1,Marcelino.Baumbach
98,06.15.2024,3,Carmen80
86,28.06.2024,2,Flo.Casper51
85,06.24.2023,3,Clemmie_Bailey83
18,10.06.2024,1,Flo.Casper51
95,25.06.2024,1,Rollin_Bradtke47
77,06.14.2024,2,Mason_Roob
14,06.30.2023,3,Doug.Cummerata93
53,22.06.2024,3,Clementina4
84,06.29.2024,3,Nichole35
97,06.30.2024,4,Mathias25
46,02.06.2024,1,Dashawn48
52,06.08.2024,1,Rollin_Bradtke47
28,23.06.2024,3,Carolyne19
44,06.15.2024,2,Clemmie_Bailey83
20,06.01.2024,4,Jayde_Stracke
100,06.04.2024,4,Loyal_Hackett48
27,06.23.2025,2,Rodrick_Hammes
29,28.06.2024,1,Parker_Zemlak93
87,06.13.2024,3,Parker_Zemlak93
85,26.06.2024,2,Lexus_Stroman
37,06.17.2024,4,Sidney89
73,06.12.2024,3,Tobin71
16,06.02.2024,1,Ofelia_Kris33
85,24.06.2023,4,Jaron.Boyle
43,16.06.2023,2,Gilberto.White11
21,06.24.2024,3,Gilberto.White11
68,02.06.2024,2,Desiree63
84,05.06.2023,4,Alejandra_Nienow48
82,06.09.2023,2,Mustafa.Morissette
81,20.06.2024,4,Jessyca.Bartell54
34,06.25.2023,3,Leatha.Hammes
37,06.27.2024,3,Beatrice44
100,19.06.2024,4,Kody.Mosciski
76,06.23.2023,2,Adriel95
73,06.25.2024,3,Alex.Shields
70,05.06.2024,3,Mylene78
37,18.06.2025,4,Rose_Rempel90
97,06.20.2024,3,Clementina4
83,15.06.2024,1,Beatrice44
5,25.06.2024,1,Tommie_Streich
32,06.24.2025,1,Barry.Kuphal3
47,30.06.2024,4,Kody_Witting34
53,23.06.2024,3,Carolyne19
63,06.04.2024,3,Dawn.Shields13
65,25.06.2024,2,Corbin.OReilly
63,22.06.2024,3,Zoie75
67,04.06.2023,3,Margarette_Ritchie
96,24.06.2023,1,Russel99
12,06.22.2025,4,Alexandria_Hilpert
82,06.28.2024,4,Robyn19
2,06.25.2023,1,Bradley_Grant0
46,06.19.2024,3,Marques.Langosh
65,06.13.2024,4,Mathias25
95,06.06.2024,1,Rose_Rempel90
21,20.06.2024,1,Mylene78
90,18.06.2024,2,Gladys_Okuneva
1,02.06.2024,3,Dawn.Shields13
24,21.06.2023,1,Nichole35
35,16.06.2024,3,Caitlyn_Connelly40
29,06.30.2024,3,Denis.Wiegand53
80,05.06.2024,3,Barry.Kuphal3
91,07.06.2023,1,Alejandra_Nienow48
11,06.26.2024,2,Clemmie_Bailey83
96,06.10.2024,1,Kim_Ebert
47,06.16.2024,1,Muhammad_Cormier22
75,23.06.2024,1,Rose_Rempel90
100,06.11.2025,3,Lexus_Stroman
72,06.19.2025,1,Clementina4
24,06.26.2024,4,Alejandra_Nienow48
92,06.04.2023,2,Justen_Lehner54
15,06.02.2024,3,Roel.Schuppe8
30,10.06.2024,2,Carmen80
80,23.06.2024,1,Mason_Roob
50,06.08.2024,2,Kody_Witting34
81,01.06.2023,4,Dashawn48
39,08.06.2024,3,Kody_Witting34
16,06.16.2024,2,Hal_Flatley68
97,06.10.2023,3,Beatrice44
28,06.10.2024,1,Gretchen.Kuhlman38
57,23.06.2024,2,Eulah.Franecki47
23,10.06.2024,3,Alex.Shields
61,06.22.2023,1,Sidney89
100,06.26.2024,1,Russel99
48,27.06.2024,3,Hollie.Kuhic
4,06.26.2023,4,Muhammad_Cormier22
33,06.03.2024,3,Tommie_Streich
16,06.01.2023,3,Doug.Cummerata93
91,05.06.2023,1,Norma.Spinka79
63,06.02.2024,2,Kody.Mosciski
11,06.23.2024,2,Robyn19
42,03.06.2024,1,Preston35
80,06.02.2023,4,Jaron.Boyle
45,06.06.2023,3,Gunner46
75,06.14.2023,4,Vesta.McCullough34
17,13.06.2024,2,Katherine.Emard
12,28.06.2024,2,Denis.Wiegand53
83,15.06.2024,4,Kim_Ebert
33,05.06.2024,3,Ofelia_Kris33
47,07.06.2023,3,Gonzalo_Greenholt
73,24.06.2024,1,Caitlyn_Connelly40
2,06.06.2023,1,Corbin.OReilly
20,12.06.2024,4,Ismael_Jerde
47,29.06.2024,2,Parker_Zemlak93
68,06.11.2024,1,Laurine48
33,06.10.2024,2,Ashlynn55
71,06.08.2024,3,Gladys_Okuneva
6,06.25.2024,4,Gilberto.White11
3,06.22.2024,3,Gilberto.White11
47,06.20.2024,4,Rose_Rempel90
1,06.11.2024,1,Tobin71
12,03.06.2024,4,Kim_Ebert
24,10.06.2024,1,Grayson_Welch17
90,29.06.2023,3,Preston35
4,06.08.2024,3,Caitlyn_Connelly40
63,06.13.2024,3,Parker_Zemlak93
12,06.21.2024,1,Enrico.Fahey48
95,06.23.2024,2,Robyn19
39,31.06.2024,1,Bradley_Grant0
33,05.06.2024,1,Walton_Bergstrom55
20,06.23.2023,3,Jerald.Denesik
32,08.06.2024,2,Kory.Durgan5
32,06.29.2024,3,Alexandria_Hilpert
4,07.06.2024,3,Karelle.Abernathy93
78,08.06.2024,1,Tad19
16,06.06.2024,3,Bertha_West
31,06.18.2024,3,Preston35
96,27.06.2023,3,Carolyne19
15,06.03.2024,4,Ofelia_Kris33
52,22.06.2023,3,Aron21
69,20.06.2023,3,Barry.Kuphal3
30,30.06.2024,2,Yvette_Reichel1
21,03.06.2024,1,Jaron.Boyle
27,06.16.2024,3,Gilberto.White11
51,14.06.2024,3,Carmen80
3,06.27.2025,4,Gladys_Okuneva
17,11.06.2024,2,Jaunita50
59,06.20.2023,4,Candido40
84,06.06.2024,3,Marcelino.Baumbach
18,06.23.2023,1,Candido40
59,20.06.2024,2,Vesta.McCullough34
43,23.06.2023,1,Ismael_Jerde
13,06.06.2023,2,Gerald.Stehr57
77,11.06.2024,1,Carolyne19
52,06.16.2024,2,Gilberto.White11
94,06.17.2024,2,Robyn19
73,06.29.2024,1,Mason_Roob
99,03.06.2024,1,Alejandra_Nienow48
49,26.06.2025,4,Yvette_Reichel1
73,21.06.2024,1,Colleen.Parker38
11,01.06.2024,2,Ettie90
47,09.06.2024,3,Mylene78
8,06.18.2024,4,Winnifred.Monahan18
88,06.08.2024,1,Enrico.Fahey48
74,06.13.2024,3,Doug.Cummerata93
7,17.06.2024,2,Beatrice44
65,21.06.2024,3,Glenda_Haley
41,06.11.2024,3,Shayne.Auer50
69,20.06.2024,4,Lexus_Stroman
41,10.06.2024,1,Clemmie_Bailey83
10,28.06.2023,1,Candice83
48,05.06.2024,1,Mason_Roob
13,06.28.2023,3,Zoie75
91,02.06.2024,4,Candice83
2,04.06.2024,2,Justen_Lehner54
51,06.15.2024,3,Freda25
41,22.06.2024,4,Gretchen.Kuhlman38
8,06.20.2024,3,Beatrice44
75,27.06.2024,4,Glenda_Haley
56,20.06.2024,3,Hollie.Kuhic
76,10.06.2024,1,Bertha_West
22,11.06.2024,3,Ashlynn55
13,10.06.2024,2,Mustafa.Morissette
46,06.02.2025,1,Mathias25
15,06.20.2024,4,Hal_Flatley68
34,12.06.2024,3,Genevieve.Denesik8
67,23.06.2024,3,Rollin_Bradtke47
64,24.06.2024,4,Tad19
78,12.06.2024,2,Glenda_Haley
3,06.21.2024,1,Alex.Shields
84,07.06.2023,3,Justen_Lehner54
26,06.17.2024,4,Willis_Ward60
22,06.10.2023,3,Bradley_Grant0
82,08.06.2024,3,Sidney89
80,05.06.2024,1,Russel99
65,06.26.2024,4,Lexus_Stroman
35,06.10.2024,1,Bertha_West
11,14.06.2024,1,Mylene78
51,06.11.2023,2,Dashawn48
84,06.02.2025,2,Karelle.Abernathy93
23,06.10.2024,2,Christian_Mohr51
9,23.06.2024,2,Glenda_Haley
72,05.06.2023,2,Vesta.McCullough34
91,04.06.2024,4,Clementina4
93,28.06.2024,1,Gerald.Stehr57
66,18.06.2024,1,Candido40
47,06.04.2024,4,Barry.Kuphal3
89,06.16.2024,4,Corine_Bruen34
46,06.06.2024,1,Braulio94
63,12.06.2024,3,Preston35
49,22.06.2024,4,Gerald.Stehr57
62,06.19.2024,3,Adriel95
52,06.25.2024,3,Beatrice44
77,06.22.2024,2,Tobin71
8,24.06.2024,4,Doug.Cummerata93
23,06.05.2024,1,Beatrice44
46,06.07.2024,4,Marcelino.Baumbach
2,06.19.2024,2,Carmen80
82,06.15.2023,2,Margarette_Ritchie
46,06.18.2024,3,Shayne.Auer50
24,06.16.2024,1,Dawn.Shields13
38,06.11.2025,4,Walton_Bergstrom55
37,06.15.2024,3,Winnifred.Monahan18
90,09.06.2024,4,Flo.Casper51
21,09.06.2023,1,Hollie.Kuhic
89,06.29.2023,2,Gretchen.Kuhlman38
82,02.06.2024,1,Muhammad_Cormier22
69,06.15.2024,3,Zoie75
18,22.06.2023,1,Gerald.Stehr57
23,09.06.2024,3,Rose_Rempel90
43,11.06.2024,3,Leatha.Hammes
91,28.06.2024,2,Aron21
15,25.06.2024,1,Gilberto.White11
87,06.21.2024,2,Hal_Flatley68
37,18.06.2024,4,Toy87
99,28.06.2024,2,Clemmie_Bailey83
84,06.04.2024,3,Enrico.Fahey48
11,06.06.2024,3,Parker_Zemlak93
2,06.06.2024,3,Gonzalo_Greenholt
70,06.01.2024,3,Denis.Wiegand53
57,01.06.2023,3,Freda25
88,10.06.2024,4,Gretchen.Kuhlman38
39,29.06.2023,2,Marcelino.Baumbach
40,25.06.2025,3,Tad19
34,24.06.2024,4,Colleen.Parker38
33,18.06.2024,1,Caitlyn_Connelly40
11,23.06.2023,4,Gretchen.Kuhlman38
21,06.01.2024,2,Ettie90
8,14.06.2023,2,Dashawn48
25,06.17.2023,2,Barry.Kuphal3
17,01.06.2024,3,Eulah.Franecki47
70,06.24.2024,2,Destinee_Farrell
31,04.06.2024,2,Gretchen.Kuhlman38
6,06.27.2025,3,Desiree63
71,06.25.2024,2,Carolyne19
73,06.24.2023,1,Jaron.Boyle
13,30.06.2023,3,Carmen80
72,06.03.2024,4,Desiree63
18,25.06.2024,1,Dawn.Shields13
21,03.06.2024,4,Tad19
85,15.06.2023,1,Preston35
16,06.08.2024,2,Tyrique_Hermann33
94,05.06.2024,4,Alejandra_Nienow48
5,06.16.2024,4,Braulio94
47,06.27.2023,1,Lexus_Stroman
58,06.03.2024,2,Margaret67
40,11.06.2024,2,Grayson_Welch17
29,25.06.2024,2,Christian_Mohr51
21,07.06.2024,2,Bertha_West
89,06.19.2024,3,Beatrice44
64,06.16.2024,4,Vesta.McCullough34
19,06.18.2024,1,Russel99
96,06.18.2023,4,Norma.Spinka79
70,13.06.2024,4,Dawn.Shields13
68,17.06.2025,4,Ismael_Jerde
76,06.27.2024,1,Margaret67
70,06.13.2023,2,Rodrick_Hammes
94,28.06.2024,4,Gladys_Okuneva
88,06.09.2024,4,Mathias25
98,01.06.2024,2,Alexandria_Hilpert
56,30.06.2024,1,Jaron.Boyle
80,25.06.2024,1,Ofelia_Kris33
19,06.22.2024,3,Katherine.Emard
13,13.06.2025,2,Kody_Witting34
28,06.02.2024,4,Destinee_Farrell
97,06.22.2024,1,Toy87
81,10.06.2023,2,Muhammad_Cormier22
4,06.26.2024,3,Tyrique_Hermann33
47,06.25.2024,1,Gerald.Stehr57
60,06.25.2024,3,Alex.Shields
80,26.06.2024,4,Bertha_West
19,06.26.2023,4,Mason_Roob
42,21.06.2024,1,Katherine.Emard
12,06.05.2025,1,Aron21
5,14.06.2024,1,Carmen80
57,06.11.2024,4,Genevieve.Denesik8
90,21.06.2024,2,Bertha_West
63,06.07.2024,1,Margaret67
89,07.06.2023,4,Muhammad_Cormier22
83,12.06.2024,3,Braulio94
97,06.17.2024,4,Tad19
98,06.30.2024,4,Leatha.Hammes
32,06.31.2024,2,Loyal_Hackett48
6,06.01.2024,1,Marcelino.Baumbach
13,12.06.2023,4,Dustin_Schinner73
46,06.28.2024,4,Ashlynn55
68,06.22.2024,1,Aron21
67,12.06.2023,4,Braulio94
74,06.28.2024,4,Tommie_Streich
32,06.24.2024,3,Tommie_Streich
39,06.29.2024,4,Mason_Roob
2,10.06.2024,3,Destinee_Farrell
4,06.17.2024,3,Vesta.McCullough34
23,05.06.2024,1,Mylene78
3,27.06.2024,3,Rose_Rempel90
6,06.16.2024,2,Mason_Roob
61,20.06.2024,1,Elfrieda.Abbott4
48,29.06.2024,2,Kody.Mosciski
56,15.06.2024,1,Mckayla97
53,20.06.2024,2,Rodrick_Hammes
25,06.08.2024,1,Ismael_Jerde
86,22.06.2024,2,Muhammad_Cormier22
20,16.06.2024,1,Alex.Shields
85,18.06.2025,2,Jerald.Denesik
9,25.06.2023,1,Desiree63
99,06.26.2025,4,Lexus_Stroman
88,06.23.2025,2,Lexus_Stroman
16,06.13.2024,4,Margaret67
58,08.06.2024,1,Margaret67
20,02.06.2025,2,Eulah.Franecki47
23,06.03.2024,4,Mckayla97
7,30.06.2024,4,Russel99
30,06.17.2023,3,Dustin_Schinner73
22,07.06.2023,3,Gretchen.Kuhlman38
63,06.22.2024,3,Beatrice44
44,30.06.2024,3,Gladys_Okuneva
25,06.12.2025,4,Caitlyn_Connelly40
52,06.16.2024,3,Jaida.Kuvalis
20,06.14.2024,1,Candido40
28,05.06.2023,2,Jayde_Stracke
6,17.06.2025,1,Jaunita50
55,24.06.2024,2,Mustafa.Morissette
92,06.22.2024,3,Grayson_Welch17
12,06.06.2024,1,Zoie75
59,28.06.2025,2,Shayne.Auer50
60,06.15.2023,4,Marcelino.Baumbach
78,06.24.2024,2,Clemmie_Bailey83
11,06.06.2024,3,Gunner46
72,06.04.2024,4,Mylene78
99,06.04.2024,2,Ettie90
3,22.06.2023,4,Preston35
75,06.01.2023,3,London.White32
89,06.08.2024,1,Jaron.Boyle
45,06.29.2024,3,Laurine48
